-- DragonEmpery_Core
-- Author: jjj
-- DateCreated: 2023/12/30 15:48:18
--------------------------------------------------------------
--KANSEN
INSERT INTO Modifiers
		(ModifierId,										ModifierType)
VALUES	('DRAGON_EMPERY_KANSEN_UNLOCKED_TECH_SAILING',		'MODIFIER_DRAGON_EMPERY_PLAYER_GRANT_SPECIFIC_TECHNOLOGY'),
		('DRAGON_EMPERY_KANSEN_UNLOCKED_TECH_SHIPBUILDING',	'MODIFIER_DRAGON_EMPERY_PLAYER_GRANT_SPECIFIC_TECHNOLOGY');

INSERT INTO ModifierArguments
		(ModifierId,										Name,		Value)
VALUES	('DRAGON_EMPERY_KANSEN_UNLOCKED_TECH_SAILING',		'TechType',	'TECH_SAILING'),
		('DRAGON_EMPERY_KANSEN_UNLOCKED_TECH_SHIPBUILDING',	'TechType',	'TECH_SHIPBUILDING');

--ModifierType
INSERT INTO Types
		(Type,																				Kind)
VALUES	('MODIFIER_DRAGON_EMPERY_PLAYER_GRANT_SPECIFIC_TECHNOLOGY',							'KIND_MODIFIER'),
		('MODIFIER_DRAGON_EMPERY_OWNER_PLAYER_ATTACH_MODIFIER',								'KIND_MODIFIER'),
		('MODIFIER_DRAGON_EMPERY_PLAYER_DISTRICT_ADJUST_TOURISM_ADJACENCY_YIELD_MOFIFIER',	'KIND_MODIFIER'),
		('MODIFIER_DRAGON_EMPERY_SINGE_CITY_ADD_EXPENDED_GREAT_PERSON_TILES',				'KIND_MODIFIER'),
		('MODIFIER_DRAGON_EMPERY_PLAYER_CITIES_ADJUST_DISTRICT_PRODUCTION_MODIFIER',		'KIND_MODIFIER'),
		('MODIFIER_DRAGON_EMPERY_PLAYER_DISTRICTS_ADJUST_YIELD_MODIFIER',					'KIND_MODIFIER'),
		('MODIFIER_DRAGON_EMPERY_PLAYER_DISTRICTS_ATTACH_MODIFIER',							'KIND_MODIFIER'),
		('MODIFIER_DRAGON_EMPERY_PLAYER_CITIES_GRANT_YIELD_PER_BUILDING_COST', 				'KIND_MODIFIER');

INSERT INTO DynamicModifiers
		(ModifierType,																		EffectType,													CollectionType)
VALUES	('MODIFIER_DRAGON_EMPERY_PLAYER_GRANT_SPECIFIC_TECHNOLOGY',							'EFFECT_GRANT_PLAYER_SPECIFIC_TECHNOLOGY',					'COLLECTION_OWNER'),
		('MODIFIER_DRAGON_EMPERY_OWNER_PLAYER_ATTACH_MODIFIER',								'EFFECT_ATTACH_MODIFIER',									'COLLECTION_OWNER_PLAYER'),
		('MODIFIER_DRAGON_EMPERY_PLAYER_DISTRICT_ADJUST_TOURISM_ADJACENCY_YIELD_MOFIFIER',	'EFFECT_ADJUST_DISTRICT_TOURISM_ADJACENCY_YIELD_MOFIFIER',	'COLLECTION_OWNER'),
		('MODIFIER_DRAGON_EMPERY_SINGE_CITY_ADD_EXPENDED_GREAT_PERSON_TILES',				'EFFECT_ADD_EXPENDED_GREAT_PERSON_TILES',					'COLLECTION_OWNER'),
		('MODIFIER_DRAGON_EMPERY_PLAYER_CITIES_ADJUST_DISTRICT_PRODUCTION_MODIFIER',		'EFFECT_ADJUST_ALL_DISTRICT_PRODUCTION_MODIFIER',			'COLLECTION_PLAYER_CITIES'),
		('MODIFIER_DRAGON_EMPERY_PLAYER_DISTRICTS_ADJUST_YIELD_MODIFIER',					'EFFECT_ADJUST_DISTRICT_YIELD_MODIFIER',					'COLLECTION_PLAYER_DISTRICTS'),
		('MODIFIER_DRAGON_EMPERY_PLAYER_DISTRICTS_ATTACH_MODIFIER',							'EFFECT_ATTACH_MODIFIER',									'COLLECTION_PLAYER_DISTRICTS'),
		('MODIFIER_DRAGON_EMPERY_PLAYER_CITIES_GRANT_YIELD_PER_BUILDING_COST', 				'EFFECT_GRANT_CITY_YIELD_PERCENT_BUILDING_CREATED_COST', 	'COLLECTION_PLAYER_CITIES');

-- 条件集
-- 玩家处于黑暗时代

INSERT INTO RequirementSets
		(RequirementSetId,						RequirementSetType)
VALUES	('DRAGON_EMPERY_PLAYER_HAS_DARK_AGE',	'REQUIREMENTSET_TEST_ALL'),
		('DRAGON_EMPERY_PLOT_HAS_FOREST',		'REQUIREMENTSET_TEST_ALL'),
		('DRAGON_EMPERY_PLAYER_HAS_FLIGHT',		'REQUIREMENTSET_TEST_ALL'),
		('DRAGON_EMPERY_PLAYER_HAS_GOLDEN_AGE', 'REQUIREMENTSET_TEST_ALL'),
		('DRAGON_EMPERY_ANSTEEL_ADJACENT_REQ',	'REQUIREMENTSET_TEST_ALL'),
		('DRAGON_EMPERY_PLAYER_IS_MINOR',		'REQUIREMENTSET_TEST_ALL');

INSERT INTO RequirementSetRequirements
		(RequirementSetId,						RequirementId)
VALUES	('DRAGON_EMPERY_PLAYER_HAS_DARK_AGE',	'REQ_DRAGON_EMPERY_PLAYER_HAS_DARK_AGE'),
		('DRAGON_EMPERY_PLOT_HAS_FOREST',		'REQ_DRAGON_EMPERY_PLOT_HAS_FOREST'),
		('DRAGON_EMPERY_PLAYER_HAS_FLIGHT',		'REQ_DRAGON_EMPERY_PLAYER_HAS_FLIGHT'),
		('DRAGON_EMPERY_PLAYER_HAS_GOLDEN_AGE', 'REQ_DRAGON_EMPERY_PLAYER_HAS_GOLDEN_AGE'),
		('DRAGON_EMPERY_ANSTEEL_ADJACENT_REQ',	'REQ_DRAGON_EMPERY_ADJACENT_OWNER'),
		('DRAGON_EMPERY_ANSTEEL_ADJACENT_REQ',	'REQ_DRAGON_EMPERY_DISTRICT_IS_ANSTEEL'),
		('DRAGON_EMPERY_PLAYER_IS_MINOR',		'REQ_DRAGON_EMPERY_PLAYER_IS_MINOR');


-- 子条件的定义

INSERT INTO Requirements
		(RequirementId,								RequirementType)
VALUES	('REQ_DRAGON_EMPERY_PLAYER_HAS_DARK_AGE',	'REQUIREMENT_PLAYER_HAS_DARK_AGE'),
		('REQ_DRAGON_EMPERY_PLOT_HAS_FOREST',		'REQUIREMENT_PLOT_FEATURE_TYPE_MATCHES'),
		('REQ_DRAGON_EMPERY_PLAYER_HAS_FLIGHT',		'REQUIREMENT_PLAYER_HAS_TECHNOLOGY'),
		('REQ_DRAGON_EMPERY_PLAYER_HAS_GOLDEN_AGE', 'REQUIREMENT_PLAYER_HAS_GOLDEN_AGE'),
		('REQ_DRAGON_EMPERY_ADJACENT_OWNER',		'REQUIREMENT_PLOT_ADJACENT_TO_OWNER'),
		('REQ_DRAGON_EMPERY_DISTRICT_IS_ANSTEEL',	'REQUIREMENT_DISTRICT_TYPE_MATCHES'),
		('REQ_DRAGON_EMPERY_PLAYER_IS_MINOR',		'REQUIREMENT_PLAYER_IS_MINOR');

INSERT INTO RequirementArguments
		(RequirementId,								Name,				Value)
VALUES	('REQ_DRAGON_EMPERY_PLOT_HAS_FOREST',		'FeatureType',		'FEATURE_FOREST'),
		('REQ_DRAGON_EMPERY_PLAYER_HAS_FLIGHT',		'TechnologyType',	'TECH_FLIGHT'),
		('REQ_DRAGON_EMPERY_ADJACENT_OWNER',		'MaxDistance',		'1'),
		('REQ_DRAGON_EMPERY_ADJACENT_OWNER',		'MinDistance',		'1'),
		('REQ_DRAGON_EMPERY_DISTRICT_IS_ANSTEEL',	'DistrictType',		'DISTRICT_ANSTEEL');